{
  "android": [
    {
      "model": "Pixel 2 XL",
      "userAgent": "Mozilla/5.0 (Linux; Android 13.0.0; Pixel 2 XL Build/OPD1.170816.004) AppleWebKit/537.36 (KHTML, like Gecko) Chrome/125.0.0.0 Mobile Safari/537.36",
      "screenResolution": "412x623"
    },
    {
      "model": "Pixel 3 XL",
      "userAgent": "Mozilla/5.0 (Linux; Android 12; Pixel 3 XL) AppleWebKit/537.36 (KHTML, like Gecko) Chrome/125.0.0.0 Mobile Safari/537.36",
      "screenResolution": "412x646"
    },
    {
      "model": "Nexus 6",
      "userAgent": "Mozilla/5.0 (Linux; Android 13.0; Nexus 6 Build/NBD91X) AppleWebKit/537.36 (KHTML, like Gecko) Chrome/125.0.0.0 Mobile Safari/537.36",
      "screenResolution": "411x731"
    },
    {
      "model": "OnePlus 6",
      "userAgent": "Mozilla/5.0 (Linux; Android 10; ONEPLUS A6003) AppleWebKit/537.36 (KHTML, like Gecko) Chrome/125.0.0.0 Mobile Safari/537.36",
      "screenResolution": "412x869"
    },
    {
      "model": "OnePlus 6T",
      "userAgent": "Mozilla/5.0 (Linux; Android 10; ONEPLUS A6013) AppleWebKit/537.36 (KHTML, like Gecko) Chrome/125.0.0.0 Mobile Safari/537.36",
      "screenResolution": "412x892"
    },
    {
      "model": "OnePlus 7",
      "userAgent": "Mozilla/5.0 (Linux; Android 9; GM1900) AppleWebKit/537.36 (KHTML, like Gecko) Chrome/125.0.0.0 Mobile Safari/537.36",
      "screenResolution": "412x692"
    },
    {
      "model": "OnePlus 7 Pro",
      "userAgent": "Mozilla/5.0 (Linux; Android 11; GM1913 Build/RKQ1.201022.002; wv) AppleWebKit/537.36 (KHTML, like Gecko) Version/4.0 Chrome/125.0.0.0 Mobile Safari/537.36",
      "screenResolution": "412x692"
    },
    {
      "model": "OnePlus 7T",
      "userAgent": "Mozilla/5.0 (Linux; Android 11; OnePlus 7T Build/RQ3A.210605.005; wv) AppleWebKit/537.36 (KHTML, like Gecko) Version/4.0 Chrome/125.0.0.0 Mobile Safari/537.36",
      "screenResolution": "412x714"
    },
    {
      "model": "OnePlus 7T Pro",
      "userAgent": "Mozilla/5.0 (Linux; Android 11; HD1913) AppleWebKit/537.36 (KHTML, like Gecko) Chrome/125.0.0.0 Mobile Safari/537.36",
      "screenResolution": "412x692"
    },
    {
      "model": "OnePlus 8",
      "userAgent": "Mozilla/5.0 (Linux; Android 10; IN2017 Build/QKQ1.191222.002) AppleWebKit/537.36 (KHTML, like Gecko) Chrome/125.0.0.0 Mobile Safari/537.36",
      "screenResolution": "412x715"
    },
    {
      "model": "OnePlus 8 Pro",
      "userAgent": "Mozilla/5.0 (Linux; Android 10; IN2025) AppleWebKit/537.36 (KHTML, like Gecko) Chrome/125.0.0.0 Mobile Safari/537.36",
      "screenResolution": "412x706"
    },
    {
      "model": "OnePlus 8T",
      "userAgent": "Mozilla/5.0 (Linux; Android 12; KB2005 Build/RKQ1.211119.001) AppleWebKit/537.36 (KHTML, like Gecko) Version/4.0 Chrome/125.0.0.0 Mobile Safari/537.36 GNews Android/2022100164",
      "screenResolution": "412x714"
    },
    {
      "model": "OnePlus 9",
      "userAgent": "Mozilla/5.0 (Android 11; Mobile; OnePlus 9) AppleWebKit/537.36 (KHTML, like Gecko) Chrome/125.0.0.0 Mobile Safari/537.36",
      "screenResolution": "412x715"
    },
    {
      "model": "OnePlus 9 Pro",
      "userAgent": "Mozilla/5.0 (Linux; Android 11; LE2121) AppleWebKit/537.36 (KHTML, like Gecko) Chrome/125.0.0.0 Mobile Safari/537.36",
      "screenResolution": "412x719"
    },
    {
      "model": "OnePlus Nord",
      "userAgent": "Mozilla/5.0 (Linux; Android 10; OnePlus Nord Build/QQ3A.200805.001; wv) AppleWebKit/537.36 (KHTML, like Gecko) Version/4.0 Chrome/125.0.0.0 Mobile Safari/537.36 Instagram 316.0.0.38.109 Android (29/10; 440dpi; 1080x2155; OnePlus; OnePlus Nord; OnePlusNord; qcom; it_IT; 561502282)",
      "screenResolution": "412x715"
    },
    {
      "model": "Samsung Galaxy A30",
      "userAgent": "Mozilla/5.0 (Linux; Android 10; SM-A305F Build/QP1A.190711.020; wv) AppleWebKit/537.36 (KHTML, like Gecko) Version/4.0 Chrome/125.0.0.0 Mobile Safari/537.36 [FB_IAB/FB4A;FBAV/287.1.0.51.119;]",
      "screenResolution": "412x692"
    },
    {
      "model": "Samsung Galaxy A31",
      "userAgent": "Mozilla/5.0 (Linux; Android 11; SM-A315F Build/RP1A.200720.012; wv) AppleWebKit/537.36 (KHTML, like Gecko) Version/4.0 Chrome/125.0.0.0 Mobile Safari/537.36",
      "screenResolution": "412x715"
    },
    {
      "model": "Samsung Galaxy A32",
      "userAgent": "Mozilla/5.0 (Linux; Android 13; SM-A325F Build/TP1A.220624.014) AppleWebKit/537.36 (KHTML, like Gecko) Chrome/125.0.0.0 Mobile Safari/537.36",
      "screenResolution": "412x715"
    },
    {
      "model": "Samsung Galaxy A50",
      "userAgent": "Mozilla/5.0 (Linux; Android 11; SM-A505FN Build/RP1A.200720.012; wv) AppleWebKit/537.36 (KHTML, like Gecko) Version/4.0 Chrome/125.0.0.0 Mobile Safari/537.36 [FB_IAB/Orca-Android;FBAV/357.0.0.13.112;]",
      "screenResolution": "412x692"
    },
    {
      "model": "Samsung Galaxy A50s",
      "userAgent": "Mozilla/5.0 (Linux; Android 11; SM-A507FN) AppleWebKit/537.36 (KHTML, like Gecko) Chrome/125.0.0.0 Mobile Safari/537.36",
      "screenResolution": "412x692"
    },
    {
      "model": "Samsung Galaxy A51",
      "userAgent": "Mozilla/5.0 (Linux; Android 13; SM-A515F Build/TP1A.220624.014) AppleWebKit/537.36 (KHTML, like Gecko) Chrome/125.0.0.0 Mobile Safari/537.36",
      "screenResolution": "412x715"
    },
    {
      "model": "Samsung Galaxy A6s",
      "userAgent": "Mozilla/5.0 (Linux; Android 8.1.0; SM-G6200) AppleWebKit/537.36 (KHTML, like Gecko) Chrome/125.0.0.0 Mobile Safari/537.36",
      "screenResolution": "360x720"
    },
    {
      "model": "Samsung Galaxy A70s",
      "userAgent": "Mozilla/5.0 (Linux; Android 10; SM-A707F) AppleWebKit/537.36 (KHTML, like Gecko) Chrome/125.0.0.0 Mobile Safari/537.36",
      "screenResolution": "412x714"
    },
    {
      "model": "Samsung Galaxy A71",
      "userAgent": "Mozilla/5.0 (Linux; Android 11; SM-A715F) AppleWebKit/537.36 (KHTML, like Gecko) Chrome/125.0.0.0 Mobile Safari/537.36",
      "screenResolution": "412x714"
    },
    {
      "model": "Samsung Galaxy Fold",
      "userAgent": "Mozilla/5.0 (Linux; Android 10; SM-F900W) AppleWebKit/537.36 (KHTML, like Gecko) Chrome/125.0.0.0 Mobile Safari/537.36",
      "screenResolution": "768x776"
    },
    {
      "model": "Samsung Galaxy J7 Prime2",
      "userAgent": "Mozilla/5.0 (Linux; Android 11; SM-G611M) AppleWebKit/537.36 (KHTML, like Gecko) Chrome/125.0.0.0 Mobile Safari/537.36",
      "screenResolution": "412x732"
    },
    {
      "model": "Samsung Galaxy Note10",
      "userAgent": "Mozilla/5.0 (Linux; Android 12; SM-N970U1) AppleWebKit/537.36 (KHTML, like Gecko) Chrome/80.0.3987.132 Mobile Safari/537.36",
      "screenResolution": "412x669"
    },
    {
      "model": "Samsung Galaxy Note10+",
      "userAgent": "Mozilla/5.0 (Linux; Android 12; SM-N975W Build/SP1A.210812.016; wv) AppleWebKit/537.36 (KHTML, like Gecko) Version/4.0 Chrome/125.0.0.0 Mobile Safari/537.36",
      "screenResolution": "412x869"
    },
    {
      "model": "Samsung Galaxy Note20",
      "userAgent": "Mozilla/5.0 (Linux; Android 12; SM-N980F) AppleWebKit/537.36 (KHTML, like Gecko) Chrome/125.0.4324.155 Mobile Safari/537.36",
      "screenResolution": "412x715"
    },
    {
      "model": "Samsung Galaxy Note20 Ultra",
      "userAgent": "Mozilla/5.0 (Linux; Android 12; SM-N985F) AppleWebKit/537.36 (KHTML, like Gecko) Chrome/125.0.4324.155 Mobile Safari/537.36",
      "screenResolution": "412x683"
    },
    {
      "model": "Samsung Galaxy S10",
      "userAgent": "Mozilla/5.0 (Linux; Android 12; SM-G9730 Build/QP1A.190711.020) AppleWebKit/537.36 (KHTML, like Gecko) Chrome/125.0.4280.66 Mobile Safari/537.36",
      "screenResolution": "360x760"
    },
    {
      "model": "Samsung Galaxy S10 Lite",
      "userAgent": "Mozilla/5.0 (Linux; Android 12; SAMSUNG SM-G770U1) AppleWebKit/537.36 (KHTML, like Gecko) SamsungBrowser/13.0 Chrome/125.0.4103.106 Mobile Safari/537.36",
      "screenResolution": "412x714"
    },
    {
      "model": "Samsung Galaxy S10+",
      "userAgent": "Mozilla/5.0 (Linux; Android 12; SM-G9750) AppleWebKit/537.36 (KHTML, like Gecko) Chrome/125.0.4280.66 Mobile Safari/537.36",
      "screenResolution": "412x869"
    },
    {
      "model": "Samsung Galaxy S20",
      "userAgent": "Mozilla/5.0 (Linux; Android 12; SM-G980F) AppleWebKit/537.36 (KHTML, like Gecko) Chrome/80.0.3987.149 Mobile Safari/537.36",
      "screenResolution": "360x600"
    },
    {
      "model": "Samsung Galaxy S20 FE",
      "userAgent": "Mozilla/5.0 (Linux; Android 13; SM-G780G Build/TP1A.220624.014; wv) AppleWebKit/537.36 (KHTML, like Gecko) Version/4.0 Chrome/118.0.0.0 Mobile Safari/537.36",
      "screenResolution": "412x714"
    },
    {
      "model": "Samsung Galaxy S20 Ultra",
      "userAgent": "Mozilla/5.0 (Linux; Android 13; Galaxy S20 Ultra) AppleWebKit/537.36 (KHTML, like Gecko) Chrome/125.0.5735.227 Mobile Safari/537.36",
      "screenResolution": "412x715"
    },
    {
      "model": "Samsung Galaxy S20+",
      "userAgent": "Mozilla/5.0 (Linux; Android 13; SM-G985F) AppleWebKit/537.36 (KHTML, like Gecko) Chrome/125.0.4951.41 Mobile Safari/537.36",
      "screenResolution": "384x654"
    },
    {
      "model": "Samsung Galaxy S21 Ultra",
      "userAgent": "Mozilla/5.0 (Linux; Android 12; Galaxy S21 Ultra) AppleWebKit/537.43 (KHTML, like Gecko) Chrome/116.0.5845.163 Mobile Safari/537.36",
      "screenResolution": "384x654"
    },
    {
      "model": "Samsung Galaxy S6",
      "userAgent": "Mozilla/5.0 (Linux; Android 13.0; SM-G920F Build/NRD90M; wv) AppleWebKit/537.36 (KHTML, like Gecko) Version/4.0 Chrome/125.0.3029.83 Mobile Safari/537.36",
      "screenResolution": "360x640"
    },
    {
      "model": "Samsung Galaxy S6 edge",
      "userAgent": "Mozilla/5.0 (Linux; Android 7.0; SM-G925F Build/NRD90M; wv) AppleWebKit/537.36 (KHTML, like Gecko) Version/4.0 Chrome/125.0.0.0 Mobile Safari/537.36",
      "screenResolution": "360x640"
    },
    {
      "model": "Samsung Galaxy S7",
      "userAgent": "Mozilla/5.0 (Linux; Android 11.0.0; SM-G930V Build/R16NW; wv) AppleWebKit/537.36 (KHTML, like Gecko) Version/4.0 Chrome/125.0.0.0 Mobile Safari/537.36",
      "screenResolution": "360x640"
    },
    {
      "model": "Samsung Galaxy S8",
      "userAgent": "Mozilla/5.0 (Linux; Android 12.0; SM-G950) AppleWebKit/537.36 (KHTML, like Gecko) Chrome/125.0.0.0 Mobile Safari/537.36",
      "screenResolution": "360x740"
    },
    {
      "model": "Samsung Galaxy S8+",
      "userAgent": "Mozilla/5.0 (Linux; Android 12; SM-G955F Build/PPR1.180610.011; wv) AppleWebKit/537.36 (KHTML, like Gecko) Version/4.0 Chrome/125.0.0.0 Mobile Safari/537.36",
      "screenResolution": "360x740"
    },
    {
      "model": "Samsung Galaxy S9",
      "userAgent": "Mozilla/5.0 (Linux; Android 12; SM-G9608 Build/QP1A.190711.020; wv) AppleWebKit/537.36 (KHTML, like Gecko) Version/4.0 Chrome/125.0.0.0 Mobile Safari/537.36",
      "screenResolution": "360x740"
    },
    {
      "model": "Samsung Galaxy S9+",
      "userAgent": "Mozilla/5.0 (Linux; Android 12; SM-G965F) AppleWebKit/537.36 (KHTML, like Gecko) Chrome/125.0.0.0 Mobile Safari/537.36",
      "screenResolution": "360x740"
    }
  ]
}
