
{
  "iphone": [
    {
    "model": "Apple iPhone 11",
    "userAgent": "Mozilla/5.0 (iPhone; CPU iPhone OS 17_3 like Mac OS X) AppleWebKit/605.1.15 (KHTML, like Gecko) CriOS/125.0.6422.80 Mobile/15E148 Safari/604.1",
    "screenResolution": "414x696"
    },
    {
    "model": "iPhone 11 Pro",
    "userAgent": "Mozilla/5.0 (iPhone; CPU iPhone OS 17_3 like Mac OS X) AppleWebKit/605.1.15 (KHTML, like Gecko) CriOS/125.0.6422.80 Mobile/15E148 Safari/604.1",
    "screenResolution": "375x612"
    },
    {
    "model": "Apple iPhone 11 Pro Max",
    "userAgent": "Mozilla/5.0 (iPhone; CPU iPhone OS 14_7_1 like Mac OS X) AppleWebKit/605.1.15 (KHTML, like Gecko) BC3 iOS/3.12.7 (build 538; iPhone 11 Pro Max; iOS 14.7.1)",
    "screenResolution": "414x696"
    },
    {
    "model": "Apple iPhone 12",
    "userAgent": "Mozilla/5.0 (iPhone; CPU iPhone OS 17_3 like Mac OS X) AppleWebKit/605.1.15 (KHTML, like Gecko) CriOS/125.0.6422.80 Mobile/15E148 Safari/604.1",
    "screenResolution": "390x644"
    },
    {
    "model": "Apple iPhone 12 Mini",
    "userAgent": "Mozilla/5.0 (iPhone; CPU iPhone OS 17_3 like Mac OS X) AppleWebKit/605.1.15 (KHTML, like Gecko) CriOS/125.0.6422.80 Mobile/15E148 Safari/604.1",
    "screenResolution": "360x780"
    },
    {
    "model": "Apple iPhone 12 Pro",
    "userAgent": "Mozilla/5.0 (iPhone; CPU iPhone OS 17_3 like Mac OS X) AppleWebKit/605.1.15 (KHTML, like Gecko) CriOS/125.0.6422.80 Mobile/15E148 Safari/604.1",
    "screenResolution": "390x644"
    },
    {
    "model": "Apple iPhone 12 Pro Max",
    "userAgent": "Mozilla/5.0 (iPhone; CPU iPhone OS 17_3 like Mac OS X) AppleWebKit/605.1.15 (KHTML, like Gecko) CriOS/125.0.6422.80 Mobile/15E148 Safari/604.1",
    "screenResolution": "428x726"
    },
    {
    "model": "Apple iPhone 13",
    "userAgent": "Mozilla/5.0 (iPhone; CPU iPhone OS 17_3 like Mac OS X) AppleWebKit/605.1.15 (KHTML, like Gecko) CriOS/125.0.6422.80 Mobile/15E148 Safari/604.1",
    "screenResolution": "390x644"
    },
    {
    "model": "Apple iPhone 13 Mini",
    "userAgent": "Mozilla/5.0 (iPhone; CPU iPhone OS 16_0_2 like Mac OS X) AppleWebKit/605.1.15 (KHTML, like Gecko) Mobile/20A380 [FBAN/FBIOS;FBDV/iPhone14,4;FBMD/iPhone;FBSN/iOS;FBSV/16.0.2;FBSS/3;FBID/phone;FBLC/en_GB;FBOP/5]",
    "screenResolution": "360x780"
    },
    {
    "model": "Apple iPhone 13 Pro",
    "userAgent": "Mozilla/5.0 (iPhone; CPU iPhone OS 17_0 like Mac OS X) AppleWebKit/605.1.15 (KHTML, like Gecko) Mobile/21A5248v [FBAN/FBIOS;FBDV/iPhone14,2;FBMD/iPhone;FBSN/iOS;FBSV/17.0;FBSS/3;FBID/phone;FBLC/en_GB;FBOP/5]",
    "screenResolution": "390x644"
    },
    {
    "model": "Apple iPhone 13 Pro Max",
    "userAgent": "Mozilla/5.0 (iPhone; CPU iPhone OS 15_4_1 like Mac OS X) AppleWebKit/605.1.15 (KHTML, like Gecko) Mobile/19E258 [FBAN/FBIOS;FBDV/iPhone14,3;FBMD/iPhone;FBSN/iOS;FBSV/15.4.1;FBSS/3;FBID/phone;FBLC/it_IT;FBOP/5]",
    "screenResolution": "428x726"
    },
    {
    "model": "Apple iPhone 14",
    "userAgent": "Mozilla/5.0 (iPhone; CPU iPhone OS 17_3 like Mac OS X) AppleWebKit/605.1.15 (KHTML, like Gecko) CriOS/125.0.6422.80 Mobile/15E148 Safari/604.1",
    "screenResolution": "390x644"
    },
    {
    "model": "Apple iPhone 14 Plus",
    "userAgent": "Mozilla/5.0 (iPhone; CPU iPhone OS 17_3 like Mac OS X) AppleWebKit/605.1.15 (KHTML, like Gecko) CriOS/125.0.6422.80 Mobile/15E148 Safari/604.1",
    "screenResolution": "428x726"
    },
    {
    "model": "Apple iPhone 14 Pro",
    "userAgent": "Mozilla/5.0 (iPhone; CPU iPhone OS 17_3 like Mac OS X) AppleWebKit/605.1.15 (KHTML, like Gecko) CriOS/125.0.6422.80 Mobile/15E148 Safari/604.1",
    "screenResolution": "393x652"
    },
    {
    "model": "Apple iPhone 14 Pro Max",
    "userAgent": "Mozilla/5.0 (iPhone; CPU iPhone OS 17_3 like Mac OS X) AppleWebKit/605.1.15 (KHTML, like Gecko) CriOS/125.0.6422.80 Mobile/15E148 Safari/604.1",
    "screenResolution": "430x732"
    },
    {
    "model": "Apple iPhone 15",
    "userAgent": "Mozilla/5.0 (iPhone; CPU iPhone OS 17_0 like Mac OS X) AppleWebKit/605.1.15 (KHTML, like Gecko) CriOS/91.0.4472.124 Mobile/15E148 Safari/604.1",
    "screenResolution": "393x652"
    },
    {
    "model": "Apple iPhone 15 Plus",
    "userAgent": "Mozilla/5.0 (iPhone; CPU iPhone OS 17_3 like Mac OS X) AppleWebKit/605.1.15 (KHTML, like Gecko) CriOS/125.0.6422.80 Mobile/15E148 Safari/604.1",
    "screenResolution": "430x732"
    },
    {
    "model": "Apple iPhone 15 Pro",
    "userAgent": "Mozilla/5.0 (iPhone; CPU iPhone OS 17_0 like Mac OS X) AppleWebKit/605.1.15 (KHTML, like Gecko) CriOS/91.0.4472.124 Mobile/15E148 Safari/604.1",
    "screenResolution": "393x652"
    },
    {
    "model": "Apple iPhone 15 Pro Max",
    "userAgent": "Mozilla/5.0 (iPhone; CPU iPhone OS 17_3 like Mac OS X) AppleWebKit/605.1.15 (KHTML, like Gecko) CriOS/125.0.6422.80 Mobile/15E148 Safari/604.1",
    "screenResolution": "430x732"
    }
  ]
}