{
    "mac": [
      {
        "model": "Mac OS X 14.1 Sonoma 1280 x 800",
        "screenResolution": "1280 x 800",
        "userAgent": "Mozilla/5.0 (Macintosh; Intel Mac OS X 10_15_7) AppleWebKit/537.36 (KHTML, like Gecko) Chrome/123.0.0.0 Safari/537.36"
      },
      {
        "model": "Mac OS X 14.2 Sonoma 1920 x 1080",
        "screenResolution": "1920 x 1080",
        "userAgent": "Mozilla/5.0 (Macintosh; Intel Mac OS X 10_15_7) AppleWebKit/537.36 (KHTML, like Gecko) Chrome/125.0.0.0 Safari/537.36"
      },
      {
        "model": "Mac OS X 14.1 Sonoma 1440 x 900",
        "screenResolution": "1400 x 900",
        "userAgent": "Mozilla/5.0 (Macintosh; Intel Mac OS X 10_15_7) AppleWebKit/537.36 (KHTML, like Gecko) Chrome/124.0.0.0 Safari/537.36"
      },
      {
        "model": "macOS 11 Big Sur 1920 x 1080",
        "screenResolution": "1920 x 1080",
        "userAgent": "Mozilla/5.0 (Macintosh; Intel Mac OS X 10_12_3) AppleWebKit/537.36 (KHTML, like Gecko) Chrome/124.0.0.0 Safari/537.36"
      },
      {
        "model": "macOS 12 Monterey 1920 x 1080",
        "screenResolution": "2880 x 1800",
        "userAgent": "Mozilla/5.0 (Macintosh; Intel Mac OS X 10_10_1) AppleWebKit/537.36 (KHTML, like Gecko) Chrome/125.0.0.0 Safari/537.36"
      }
    ]
  }
  