{
  "windows": [
      {
      "model": "Windows 1280 x 720",
      "screenResolution": "1280 x 720",
      "userAgent": "Mozilla/5.0 (Windows NT 10.0; Win64; x64) AppleWebKit/537.36 (KHTML, like Gecko) Chrome/124.0.0.0 Safari/537.36"
    },
    {
      "model": "Windows 1366 x 768",
      "screenResolution": "1366 x 768",
      "userAgent": "Mozilla/5.0 (Windows NT 10.0; Win64; x64) AppleWebKit/537.36 (KHTML, like Gecko) Chrome/121.0.0.0 Safari/537.36"
    },
    {
      "model": "Windows 1920 x 1080",
      "screenResolution": "1920 x 1080",
      "userAgent": "Mozilla/5.0 (Windows NT 10.0; Win64; x64) AppleWebKit/537.36 (KHTML, like Gecko) Chrome/123.0.0.0 Safari/537.36"
    },
    {
      "model": "Windows 1366 x 768",
      "screenResolution": "1366 x 768",
      "userAgent": "Mozilla/5.0 (Windows NT 10.0; Win64; x64) AppleWebKit/537.36 (KHTML, like Gecko) Chrome/121.0.0.0 Safari/537.36"
    },
    {
      "model": "Windows 1920 x 1080",
      "screenResolution": "1920 x 1080",
      "userAgent": "Mozilla/5.0 (Windows NT 10.0; Win64; x64) AppleWebKit/537.36 (KHTML, like Gecko) Chrome/124.0.0.0 Safari/537.36"
    },
    {
      "model": "Windows 1366 x 768",
      "screenResolution": "1366 x 768",
      "userAgent": "Mozilla/5.0 (Windows NT 10.0; Win64; x64) AppleWebKit/537.36 (KHTML, like Gecko) Chrome/125.0.0.0 Safari/537.36"
    },
    {
      "model": "Windows 1920 x 1080",
      "screenResolution": "1920 x 1080",
      "userAgent": "Mozilla/5.0 (Windows NT 10.0; Win64; x64) AppleWebKit/537.36 (KHTML, like Gecko) Chrome/124.0.0.0 Safari/537.36"
    },
    {
      "model": "Windows 1366 x 768",
      "screenResolution": "1366 x 768",
      "userAgent": "Mozilla/5.0 (Windows NT 10.0; Win64; x64) AppleWebKit/537.36 (KHTML, like Gecko) Chrome/121.0.0.0 Safari/537.36"
    },
    {
      "model": "Windows 1920 x 1080",
      "screenResolution": "1920 x 1080",
      "userAgent": "Mozilla/5.0 (Windows NT 10.0; Win64; x64) AppleWebKit/537.36 (KHTML, like Gecko) Chrome/121.0.0.0 Safari/537.36"
    },
    {
      "model": "Windows 1920 x 1080",
      "screenResolution": "1920 x 1080",
      "userAgent": "Mozilla/5.0 (Windows NT 10.0; Win64; x64) AppleWebKit/537.36 (KHTML, like Gecko) Chrome/124.0.0.0 Safari/537.36"
    }
  ]
}
