{
    "free_loader": [
        {
            "name": "navigate_free",
            "requirement": {
                "url": [
                    "input",
                    "https://mywebsite.com/page"
                ],
                "duration": [
                    "time",
                    "Time range (in seconds) to navigate the web page "
                ],
                "task_name": [
                    "input",
                    "Name of task"
                ]
            },
            "secondary": {}
        }
    ],
    "primary_pro": [
        {
            "name": "navigate_primary",
            "requirement": {
                "url": [
                    "input",
                    "https://mywebsite.com/page"
                ],
                "duration": [
                    "time",
                    "Time range (in seconds) to navigate the web page "
                ],
                "task_name": [
                    "input",
                    "Name of task"
                ]
            },
            "secondary": {
                "click_xpath": {
                    "xpath": [
                        "input",
                        "https://mywebsite.com/page"
                    ],
                    "duration": [
                        "time",
                        "Time range (in seconds) to navigate the web page "
                    ]
                }
            }
        }
    ],
    "secondary_pro": [
        {
            "name": "navigate_secondary",
            "requirement": {
                "url": [
                    "input",
                    "https://mywebsite.com/page"
                ],
                "duration": [
                    "time",
                    "Time range (in seconds) to navigate the web page "
                ],
                "task_name": [
                    "input",
                    "Name of task"
                ]
            },
            "secondary": {
                "click_xpath": {
                    "xpath": [
                        "input",
                        "/html/body/div/...."
                    ],
                    "duration": [
                        "time",
                        "Time range (in seconds) to navigate the after clicking xpath "
                    ]
                },
                "typeInto_xpath": {
                    "xpath": [
                        "input",
                        "/html/body/div/...."
                    ],
                    "text": [
                        "textarea",
                        "something to type in"
                    ],
                    "duration": [
                        "time",
                        "Time range (in seconds) to navigate the after typing into Xpath "
                    ]
                },
                "typeInto_xpath_hit_ENTER": {
                    "xpath": [
                        "input",
                        "/html/body/div/...."
                    ],
                    "text": [
                        "textarea",
                        "something to type in"
                    ],
                    "duration": [
                        "time",
                        "Time range (in seconds) to navigate the after typing into Xpath "
                    ]
                },
                "click_similar_link": {
                    "url": [
                        "input",
                        "https://mywebsite.com/page"
                    ],
                    "duration": [
                        "time",
                        "Time range (in seconds) to navigate the clicked link "
                    ]
                },
                "click_iFrame_similar_src": {
                    "url": [
                        "input",
                        "https://googleads.g.doubleclick.net/pagead/"
                    ],
                    "iframe_Atag_href": [
                        "input",
                        "https://www.googleadservices.com/pagead/"
                    ],
                    "duration": [
                        "time",
                        "Time range (in seconds) to navigate after clicking iFrame"
                    ]
                }
            }
        }
    ],
    "GPT_PRO": [
        {
            "name": "navigate_gpt",
            "requirement": {
                "url": [
                    "input",
                    "https://mywebsite.com/page"
                ],
                "duration": [
                    "time",
                    "Time range (in seconds) to navigate the web page "
                ],
                "task_name": [
                    "input",
                    "Name of task"
                ]
            },
            "secondary": {
                "click_xpath": {
                    "xpath": [
                        "input",
                        "/html/body/div/...."
                    ],
                    "duration": [
                        "time",
                        "Time range (in seconds) to navigate the after clicking xpath "
                    ]
                },
                "typeInto_xpath": {
                    "xpath": [
                        "input",
                        "/html/body/div/...."
                    ],
                    "text": [
                        "textarea",
                        "something to type in"
                    ],
                    "duration": [
                        "time",
                        "Time range (in seconds) to navigate the after typing into Xpath "
                    ]
                },
                "typeInto_xpath_hit_ENTER": {
                    "xpath": [
                        "input",
                        "/html/body/div/...."
                    ],
                    "text": [
                        "textarea",
                        "something to type in"
                    ],
                    "duration": [
                        "time",
                        "Time range (in seconds) to navigate the after typing into Xpath "
                    ]
                },
                "click_similar_link": {
                    "url": [
                        "input",
                        "https://googleads.g.doubleclick.net/pagead/"
                    ],
                    "duration": [
                        "time",
                        "Time range (in seconds) to navigate the clicked link "
                    ]
                },
                "click_iFrame_similar_src": {
                    "url": [
                        "input",
                        "https://googleads.g.doubleclick.net/pagead/"
                    ],
                    "iframe_Atag_href": [
                        "input",
                        "https://www.googleadservices.com/pagead/"
                    ],
                    "duration": [
                        "time",
                        "Time range (in seconds) to navigate after clicking iFrame"
                    ]
                },
                "GPT_typeInto_xpath": {
                    "xpath": [
                        "input",
                        "https://mywebsite.com/page"
                    ],
                    "text": [
                        "gpt",
                        "something to type in"
                    ],
                    "duration": [
                        "time",
                        "Time range (in seconds) to navigate the after clicking xpath "
                    ]
                },
                "GPT_typeInto_xpath_ENTER": {
                    "xpath": [
                        "input",
                        "https://mywebsite.com/page"
                    ],
                    "text": [
                        "gpt",
                        "something to type in"
                    ],
                    "duration": [
                        "time",
                        "Time range (in seconds) to navigate the after clicking xpath "
                    ]
                },
                "GPT_click_object_stillMODE": {
                    "object_description": [
                        "gpt",
                        "An advertisement banner"
                    ],
                    "screenShot_rate": [
                        "ask",
                        "Seconds before rescaning if not found"
                    ],
                    "duration": [
                        "time",
                        "Time range (in seconds) to navigate after clicking iFrame"
                    ]
                },
                "GPT_click_object_randomMODE": {
                    "object_description": [
                        "gpt",
                        "An advertisement banner"
                    ],
                    "screenShot_rate": [
                        "ask",
                        "Seconds before rescaning if not found"
                    ],
                    "duration": [
                        "time",
                        "Time range (in seconds) to navigate after clicking iFrame"
                    ]
                },
                "GPT_analyze_page": {
                    "analysis_prompt": [
                        "gpt",
                        "A summary of this website"
                    ]
                }
            }
        }
    ]
}